text,label,ai_prelabel,notes
"At the end of the day the refs basically never call that unless it’s insanely egregious, similar to moving screens. I think the nba has done a horrible job of enforcing its rules and it’s created this super weird game that we have today where a lot of rules are just there for show. It’s dumb",Reaction/Joke/Meme,Reaction/Joke/Meme,"ai_reason: personal anecdote sharing, emotional"
"Second part of this is, if Boston Celtics, for instance, are in second apron for 2023-2024, 2024-2025, 2025-2026, and 2026-2027, which of their draft picks gets moved to the end of the first round because they've been in the second apron for two continuous seasons or two out of four seasons?",Analytical Argument,Analytical Argument,ai_reason: argues Dallas cannot win series with reasoning
If Lebron and Jimmy were to trade places right now does Jimmy and the Lakers beat Denver? I’d say Jimmy and AD win at least 3 games off of sheer grit.,Prediction,Prediction,ai_reason: predicts Bronny will not play in G League
Player|PTS|REB|AST|FG|3P|FT -|-|-|-|-|-|- Doncic|28.8|9.6|8.8|46%|36%|73% Durant|28.0|7.6|3.3|46%|34%|86% LeBron|27.2|8.1|7.3|43%|29%|74% Jokic|25.9|11.2|6.4|51%|39%|84% Curry|25.8|4.6|7.2|45%|41%|87% Giannis|24.0|11.2|4.9|51%|31%|63% Tatum|20.6|7.0|3.4|45%|35%|81% Leonard|12.0|7.8|0.8|53%|41%|68%,Analytical Argument,Analytical Argument,ai_reason: compares player style to early heliocentric LeBron with reasoning
"The difference is there's actual clips of pat Beverly being dirty. Hell, probably entire compilations of it. Adam's doesn't have it. Your only ""evidence"" is just an example of how soft the nba was/is.",Analytical Argument,Analytical Argument,ai_reason: argues Adams not dirty vs Beverly with evidence
"He has a good point, but if they get the right center, the offensive unlocking of this team will be almost impossible to stop",Analytical Argument,Analytical Argument,ai_reason: criticizes Ham lineup decisions with specific examples
Loyalty from a player is the most overrated thing in sports. Do what's best for yourself.,Hot Take,Hot Take,ai_reason: strong evaluative claim no support
It’s the equivalent of Perkins automatically thinking anything opposite of his opinions are wrong because “they’ve never played in the NBA”,Hot Take,Hot Take,ai_reason: bold claim Bucks declining with no supporting argument
"Cons - PnR defense will be bad, have to play drop",Reaction/Joke/Meme,Reaction/Joke/Meme,ai_reason: humorous description of crowd chants at game
"Oh the good old condescending “I played organized basketball and you didn’t” line. Like bro, people are allowed to have different opinions. Im not saying you’re wrong or they are right but c’mon lmao.",Hot Take,Hot Take,REVIEW: borderline — relabeled: no future signal found
Dame: 33 at start of next season,Analytical Argument,Analytical Argument,ai_reason: analyzes Pelicans trade options with multiple candidates
He has turnover issues for sure but 8 isnt the norm. He happened to have an awful game on a big night.,Analytical Argument,Analytical Argument,ai_reason: argues player would be watered-down Draymond with reasoning
The shooting is theoretical though. He needs to massively improve his volume and efficiency before he provides any kind of spacing,Analytical Argument,Analytical Argument,ai_reason: argues series is coin-flip with supporting team analysis
"Thank you to everyone for your help, and I'm here for any other tips/tricks to doing summer league RIGHT.",Reaction/Joke/Meme,Reaction/Joke/Meme,"ai_reason: expresses pride about team journey, emotional"
Will Tatum finally compete at the top now that he will be inspired after a championship?,Analytical Argument,Analytical Argument,ai_reason: argues Brown Tatum sustainability depends on winning titles
Simmons would guard Doncic well but this would be offset many times over by the fact that the Mavericks could play the greatest defense in league history simply by intentionally fouling him (0.75 PPP on hackaBen in his last playoffs),Analytical Argument,Analytical Argument,ai_reason: argues Lou Williams earned his place among great 6th men
Sengun is a good defender. Watch the game.,Hot Take,Hot Take,REVIEW: borderline — relabeled: no future signal found
"That would be incredibly risky, because unless he gets hurt next year, he'll almost surely get a max offer from someone in free agency, and that would leave Boston with nothing in return for him just leaving. I don't think Brown is worth the supermax, but it's not like Boston is the only team that would be willing to pay him. Boston either needs to pay him what he's asking or trade him this summer.",Analytical Argument,Analytical Argument,ai_reason: argues Wade had more iconic playoff moments than Harden
Knicks fans buying out every stadium. It's embarrassing that the NBA lets the Knicks fans buyout every stadium. We should not be hearing 'let's go Knicks' drown out the home crowd in Atlanta.,Hot Take,Hot Take,ai_reason: Knicks buyout complaint no basketball argument
\-Stockton \-Kidd \-AI \-Nash \-Dumars \-Westbrook \-Gary Payton \-Harden \-Dwight Howard \-Rodman \-Draymond \-Tatum \-SGA \-Luka \-AD \-Clyde Drexler \-McHale \-Ewing \-Elvin Hayes \-Rick Barry \-George Gervin \-Dave Cowens * \-Dolph Schayes,Hot Take,Hot Take,ai_reason: brief dismissive claim with no reasoning
"Maybe I'm just high on Reaves but he is very valuable imo. Even if he goes for, let's say 30 million a year in 2026, that ballhandling is needed for a lot of teams, coupled with his scoring, which I think will be a consistent 20 a game, maybe even higher if he was a 2nd option somewhere else. I think the Magic would love him. I would actually love him on Toronto but we don't really have extra centers to trade for him",Analytical Argument,Analytical Argument,ai_reason: argues Luka LeBron duo defense issues with comparison
"This is a spicy hot take, but who would you rather have on your team when the series or the game is on the line: Jalen Brunson or Shai Gilgeous-Alexander? It's easy for me: Jalen all day.",Hot Take,Hot Take,ai_reason: bold player preference claim no argument
"The NBA Draft should be incredible TV. Instead, the league keeps botching it. I genuinely cannot get over how badly the NBA handles the draft every single year. Same thing with the lottery. There is so much drama sitting right there in the math, and they barely touch it.",Hot Take,Hot Take,ai_reason: NBA draft handling criticism no structured evidence
"The NBA lets public discourse control what the push and have no control over the networks on what’s reported of there’s, leading to more drama and less sports product, which is a negative for the average sports fan.",Analytical Argument,Analytical Argument,ai_reason: argues Lakers made poor decisions with specific alternatives
Something tells me this playoffs won’t make Luka take conditioning more seriously in the future l,Analytical Argument,Analytical Argument,ai_reason: observes player improved every year but playoff ceiling is limited
Like the title says I want to get into to watching basketball I'm really interested in the sport and find it entertaining but I have never watched it and I was wondering where to start I live in Australia so I dont have any team to support based on location I hope someone can help me,Analytical Argument,Analytical Argument,ai_reason: argues NBA is volume-first business with Silver perspective
"Lebron led his team to the best record in the NBA that season, averaging 26/8/7 with elite (56%) shooting efficiency, while impacting all aspects of the game. Melo led his team to the 6th best record in the NBA that season while averaging 28/6/2 with mediocre (45%) efficiency while not really impacting the game in any way other than scoring. that’s why",Hot Take,Hot Take,REVIEW: borderline — relabeled: no future signal found
"That's true at times, but if Martin falls back to earth that will put even more pressure on Jimmy and Bam, and to lesser extents Lowry, Vincent, Robinson, and Strus, who have all streaky players to begin with. Someone still needs to score and their rotation is already pretty thin when it comes to offence",Analytical Argument,Analytical Argument,ai_reason: argues Heat offense will struggle with supporting reasoning
9th in WS/48 (0.204) - WS/48 (Win Shares per 48 Minutes) ESTIMATES how many wins a player is ‘causing’ per 48 minutes played.,Hot Take,Hot Take,ai_reason: personal top 10 GOAT list with no supporting argument
"Yeah, him averaging 20 and 6 a game playing behind Luka and LeBron on 62 TS% is going to get them some good pieces if they want to trade him. I really don't get why some people think Reaves getting paid mid 30 million a year is some overpriced contract. I would love him on my Raptors. Been a fan of his game",Analytical Argument,Analytical Argument,ai_reason: argues Mavs biggest concern is Luka defending Celtics shooters
SGA having a 68 TS% is more impressive than Jokic at 71 TS%.,Hot Take,Hot Take,ai_reason: SGA TS% more impressive than Jokic bold claim
Do you think he’s like an earthworm where then we’d have 2 short human wembys as a result,Analytical Argument,Analytical Argument,ai_reason: argues Warriors dynasty ended in 2020 with detailed reasoning
Stephon Castle is so overrated. He's really not that good but propped up by Wemby on both ends.,Hot Take,Hot Take,ai_reason: bold overrated claim no evidence
Some role players are more valuable than half the stars in the league.,Hot Take,Hot Take,ai_reason: vague claim role players underrated no specifics
"Games like this show how talented he really was. He could shoot, score in a variety of ways, and get a basket when the offense stalled out. Too bad he couldn’t rebound or stay healthy at the end of his career lol. Anyways I think he’d be a stud in modern nba and would be highly coveted.",Analytical Argument,Analytical Argument,ai_reason: argues Jordan scheme limited playmaking opportunities
What do you think of my all time top 100 tier list? I’m sure conversation will be civil lol. This was a pretty fun little exrercise. I learned a lot about NBA history especially some of the old guys.,Reaction/Joke/Meme,Reaction/Joke/Meme,ai_reason: personal anecdote storytelling without argument
"So, i am from Europe and i watch both European basketball and NBA, and i see that in Europe, there are team vs team but in NBA, narrative is about best players in both teams, for example, Luka against Edwards, or Jokic against Embiid or what I've seen in past few week ""that player will be champion for the first time in his career"". I mean, i get it, every team has that one player that is best ine and without him, they will be mid or lower seeds, but also that one player cannot win without rest of the team so I find it confusing to be narrative on one player instead of good team as a whole, so if anyone can just explain to me why best player and not team?",Reaction/Joke/Meme,Reaction/Joke/Meme,ai_reason: expresses reflection with no basketball claim
"First Part So for the 2nd Apron, I have this question. If, for instance, Phoenix Suns, they were in the 2nd Apron in 2023 and 2024, and they're going to be in the 2nd Apron in 2024 and 2025, does that mean in 2031 or 2032, their draft pick will move to the end of the first round, regardless of their record that season?",Analytical Argument,Analytical Argument,ai_reason: argues Reaves contract value justified with supporting stats
The most overrated team+arena combo seriously what different is MSG hardwood floor than any other court? The Knicks somehow have the current NBA champions.,Hot Take,Hot Take,ai_reason: MSG overrated and Knicks champions assertion
"His dad could have absolutely directed his path to the league and NOT made absolutely sure all eyes would be directly on him. Get him drafted somewhere with lower expectations and room to grow. Instead, it’s been all about the precisely controlled narrative around LeBron and the way he kept forcing the idea that Bronny earned this, is better than a large number of other players, etc. LeBron’s choices, barring Bronny becoming elite on his own accord, will forever taint his son’s career and he should have known that after navigating the league for two decades. It’s unfair more than one angle.",Analytical Argument,Analytical Argument,ai_reason: argues 8 turnovers was outlier not norm for player
My nba top 10 all time list,Analytical Argument,Analytical Argument,ai_reason: argues NBA handled KD trade story worse than NFL would
It has nothing to do with why the SEC has the best football schools. They have the best football because they get the best recruits.,Reaction/Joke/Meme,Reaction/Joke/Meme,ai_reason: expresses fear and anxiety about team outcome
The most impressive FT shooting season that I could find in terms of volume and efficiency is when Shai shot .905% from the line on 11 attempts per game. So in theory Shai should be known as the greatest free throw shooter ever.,Hot Take,Hot Take,ai_reason: bold claim about player character with no evidence
"He also lead the team in Win Shares/48 and Box Score +/-. If he's healthy, he's a massive plus to the team, and he's on a relatively cheap deal.",Analytical Argument,Analytical Argument,"ai_reason: argues Reaves too good for Claxton, outlines Lakers needs"
"It was just Draymond sucks chants (I was in that section lol). Nothing dangerous but boy were these chants loud 😂 And it was continuous. A lot of ""Rudy Rudy Rudy"" chants too",Analytical Argument,Analytical Argument,ai_reason: argues LeBron 2014 Finals performance was overstated
"I genuinely can't figure it out. Like I feel like everyone's reaction to finding out that distinction for the award just gives a slightly disappointed ""oh"" as if to say ""well why does that matter?""",Reaction/Joke/Meme,Reaction/Joke/Meme,"ai_reason: expresses confusion and frustration, feeling-based"
"This isn’t a great post obviously, but I want there to be a single place to put together everything he’s said so we can predict his next move for the protection of society",Analytical Argument,Analytical Argument,ai_reason: analyzes player negative VORP trajectory with data
"If the Thunder go Back-to-Back, Shai is already the 2nd greatest SG ever. Over Wade. If OKC goes back to back, Shai will be a two time MVP and a two time Champion, with multiple seasons averaging 30+.",Prediction,Prediction,ai_reason: future back-to-back claim elevates SGA ranking
The worst part about the high school football culture is the players take on that same personality as the coach. It’s like the pads bring out toxic masculinity or something,Reaction/Joke/Meme,Reaction/Joke/Meme,ai_reason: expresses personal preference unrelated to basketball
Yeah the way everyone (and it could just be general misunderstanding of the options on the pick) has been talking about LA picking Bronny at 17 like it was already a foregone conclusion that NO would defer. It just makes way too much sense for them to wait a year.,Analytical Argument,Analytical Argument,ai_reason: argues Lakers deferring pick makes strategic sense
"Will Warriors fandom die when Steph Curry retires? Lets be honest, 99% of Warrior fans are just Curry fans, mostly from China and Philippines. They are not the Lakers or Knicks or Celtics.",Prediction,Prediction,ai_reason: future Warriors fandom claim after Curry retires
"6. Magic - I like their young core. Paolo is probably a Future All Nba Level Player. Franz is solid. And they added KCP. However, they will probably need a year or 2 to finally fully developed and compete.",Prediction,Prediction,ai_reason: predicts Magic need years to develop and compete
"Shame what his playoff career is going to be, but the man improved every single year in the regular season.",Prediction,Prediction,ai_reason: predicts Heat will miss playoffs next season
"basically, if Jaren Jackson Jr. had the personality of Isaiah Stewart, we'd be in business. we need a severe turn. but maybe Ron Holland has a growth spurt of some kind. Maybe Ron Holland grows a couple inches we can see. That would be huge shoes to fill.",Analytical Argument,Analytical Argument,"ai_reason: argues cheap plays were against player, not by him"
"ive seen jj hoop lately and idk if he was playing it down for laughs but he looked out of shape. so it depends, he could outshoot bronny but bronny is obviously more athletic which can be a massive advantage 1v1",Hot Take,Hot Take,REVIEW: borderline — relabeled: no future signal found
Because basketball games arent played on paper,Hot Take,Hot Take,"ai_reason: bold dismissal of paper arguments, no reasoning"
"Yes, my hot take is it will be Wemby. Though there are some tough competition lurking around. If someone on my 5 above gets injured, we have players like:",Analytical Argument,Analytical Argument,ai_reason: analyzes what makes Kyrie better with heliocentric players
"My biggest concern for Dallas is Luka can’t guard the perimeter and Celtics got 5 shooters. With the Wolves they got away with leaving McDaniels/ Anderson at times, and Gobert being there to clog up the paint. If Boston attack Luka every possession they’d get an open shot each time.",Analytical Argument,Analytical Argument,ai_reason: extensive argument comparing Harden to guards historically
"Wemby and spurs professional choke artists until they prove otherwise. After the amount of time they spent leading and the significance of some of those leads, I believe that this Spurs team are absolute choke artists.",Hot Take,Hot Take,ai_reason: choke artist claim asserted no structured evidence
I cant believe we have two alltime teams this season and its no big deal. The Thunder and Cavs are STACKED holy shit.,Reaction/Joke/Meme,Reaction/Joke/Meme,ai_reason: excited emotional reaction no basketball claim
"Hard to think of a name that carries as much respect around the league as his, never really heard anyone say a bad word about the dude. Great career and he definitely seems like the type of guy who will stick around the game.",Prediction,Prediction,ai_reason: predicts Reaves value and future contract market
SGA is one of the most effective scorers ever.,Hot Take,Hot Take,ai_reason: bold SGA scoring effectiveness claim no evidence
"Ham is supposed to play the right people when everyone is fucking healthy. Yes, Rui was hurt but I don't know why Cam fucking Reddish is playing 30+ minutes in January. And then when Reddish got hurt, Ham still insisted on having him in the starting lineup for every other game which disrupted the flow. Why not play Max when he is younger and also played a lot better than Reddish? Even worse, Ham really benched Dlo and Reaves just because they have some bad games, and Lakers had no ball handler. This is just miserable coaching.",Analytical Argument,Analytical Argument,ai_reason: argues MVP must be best player on best team with definition
They won't sell it to you in the store? That would be the last time I ever got Taco Bell. Have a little self respect. Don't jump through hoops for shitty tacos.,Analytical Argument,Analytical Argument,ai_reason: argues Spurs fans wrong about Samanic over Little pick
"Who do you think they’ll go for? I still think Ingram will be moved, but I’m not sure if the Pels want the Wiggins contract. They could also go for Anfernee Simons or Jerami Grant on Portland. Something’s gotta give…",Analytical Argument,Analytical Argument,ai_reason: argues Mavs paint threat is biggest weapon with reasoning
I TOLD YALL THE EASTERN CONFERENCE IS ASS. LETS GO SPURS I CANT BELIEVE IT. WEMBY WEMBY WEMBY WEMBY WEMBY IS THE FACE OF THE LEAGUE NOW.,Reaction/Joke/Meme,Reaction/Joke/Meme,ai_reason: all-caps emotional celebration no claim
"One on One, JJ been retired for 3 years, he was a solid role player when he retired. Bronny James a bench player from USC. Who would win? with NBA ref, NBA half court. Winner take it.",Analytical Argument,Analytical Argument,ai_reason: argues refs enabling bad defensive style with reasoning
i cant believe people really gaslit themselves into believing the cavs are better without darius garland. Literally everything flows better when he's playing.,Hot Take,Hot Take,ai_reason: gaslit claim asserted emotionally no stats
"MSG is overrated. MSG is not an intimidating place to play, it's a place for the opposing teams best players to come out and put on a show.",Hot Take,Hot Take,ai_reason: arena overrated claim no evidence
I'll say this: Milwaukee selecting AJ Johnson and Tyler Smith - two players who are very much projects/who aren't ready to contribute right now - when there were more NBA-ready players like Oso on the board in the most recent NBA draft always struck me as selections to be used as trade bait since neither are NBA ready and the Bucks don't have a lot of assets to perform the roster shakeup they're alleged to be interested in with Bobby Portis or Brook Lopez being moved.,Analytical Argument,Analytical Argument,ai_reason: argues Curry not greatest FT shooter due to volume factor
"If OKC want to win, aside from SGA, I think Jdub will need to be the second best player on the court. Since Pacers plays balance team baskteball. While OKC plays SGA or Jdub isolation and then react based on how defense react.",Analytical Argument,Analytical Argument,ai_reason: argues Pistons fans calling others bums is ironic
Question if you sit in the sections 200 and up isn’t that where your in a booth and getting free food and stuff ? Just asking for a friend tryna see which sections allows you in the booth with free food and beverage and stuff,Analytical Argument,Analytical Argument,"ai_reason: argues Boston sports dominance is excessive, wants change"
"At that time, we said our starting lineups would be:",Reaction/Joke/Meme,Reaction/Joke/Meme,ai_reason: absurdist joke about NBA probability
"I'm sick and tired of people marveling at Lebron James AGE. Me and Lebron are the same age. Give ME a hyperbaric chamber, a private chef, a couple personal trainers, and access to the best gym equipment and I bet you I'd be jumping out the gym too.",Reaction/Joke/Meme,Reaction/Joke/Meme,ai_reason: sarcastic rant about LeBron age no basketball claim
"I feel like there are a lot of definitions used by different people. I know magic went on air saying a superstar is a guy that sells out arenas. I always thought a superstar was in the NBA was a guy that is the primary option on a championship team. Like a Jokic, Jordan, Shaq, LeBron, curry, Giannis, etc. I seen people say Mitchell and Brunson are superstars??",Analytical Argument,Analytical Argument,ai_reason: argues Denver not winning more with Jokic will be historic
"I think they mean we shouldn't move him for someone at Claxtons level. Reaves is a really good player and had nights where he was our best player all season long despite sharing the court with All NBA level guys like AD, LBJ, and Luka. I do agree there's a strong chance the Lakers will have to move him but they should only do it for a near all-star level center. If the Nets could get a player like Reaves for Claxton they already would have done so. Claxton is a worse version of Allen and we've already seen the limitations that type of center has in the playoffs. Lakers are more likely to go with a budget option because Reaves is either too good for most realistic options and not good enough for the truly big splash options.",Hot Take,Hot Take,"REVIEW: borderline — opines every round should have MVP award, minimal argument"
"If we all start searching for Scott Foster Jail, Adam Silver corrupt because Scott Foster, etc., then can we embarrass Adam Silver into sidelining Foster so we can actually watch the finals?!",Prediction,Prediction,ai_reason: predicts Clippers will be Finals team
Yo lowkey the Knicks are not even that good they got lucky this season. they got lucky this whole postseason and they are lowkey buns. like this isn't even a hot take it's just facts. the spurs are gonna win the chip.,Reaction/Joke/Meme,Reaction/Joke/Meme,ai_reason: emotional reactive rant mixed feelings no argument
"I know that it's too early to predict but if you had to, which team do y'all think will do SURPRISINGLY well next year and which one will surprise us on how bad they do? I wouldn't be surprised if the heat finally do a good regular season and my bet is that they will do surprisingly well. And for the negative aspect of the topic, idk fr. P.S. for example Memphis doing well wouldn't be a surprise since all these players are coming back from injuries.",Reaction/Joke/Meme,Reaction/Joke/Meme,ai_reason: absurdist joke about Wemby and earthworms
"Ok, let’s see the discrepancy of shots from the paint etc and shots from deep of regular season compared to finals and the rates at which both increased if you want to assert that? I haven’t made assertions, just commented on the data presented here, which is a substantial increase compared to the team they’re playing against.",Analytical Argument,Analytical Argument,ai_reason: argues Texas weed laws affect Durant free agency decision
Do the Kings deserve an apology for how they build around their players? I just cant believe the Fox I saw in the finals was the same I watched just a few years ago in Sacramento.,Reaction/Joke/Meme,Reaction/Joke/Meme,ai_reason: fan disbelief emotional reaction about Fox
"Say KD goes somewhere he doesn't like, next summer very few teams have legit capspace. The team that trades for him at worst can sign and trade him somewhere",Analytical Argument,Analytical Argument,ai_reason: argues Reddit is echo chamber with supporting evidence
"The Pacers are going to surprise everyone next season. They're going to be very bad. Halibuns is out of shape and Sialam is going to regress. Not to mention, Zubac is overrated.",Prediction,Prediction,ai_reason: Pacers will be bad next season with player regression claims
"the Celtics are actually 17-11 when their opponent shoots that well from 3 though so you also need them to shoot poorly from 3. in 7/11 of the games I’m referencing Boston shot worse than 33% from 3, and the only one of those games where their opponent made less than 17 3s (Game 2 of the Cavs series, Cleveland finished 13/28 from deep) featured quite literally the worst Celtics shooting performance of the season (7/34 before a late make by Oshae Brissett in garbage time)",Analytical Argument,Analytical Argument,ai_reason: questions motive for defending Donaghy without hard evidence
"Clearly that never ended up happening, but interesting none the less the triple effect that could have had on the league",Analytical Argument,Analytical Argument,ai_reason: argues media work is uniquely demanding with reasoning
"Kevin Durant says plans to play in 2028 Olympics. All I hear is, AAU is destroying the game, the Euros do it right, while the US do it wrong. I can read between the lines on that; it's a shot at Black Americans. We're controlling the sport; they're tired of us running the sport.",Hot Take,Hot Take,ai_reason: Durant quote used to assert anti-Black-player narrative
KD is not a top-20 player of all time. I do not care how pretty the jumper is. A top player is a player who creates top impact for his team.,Hot Take,Hot Take,ai_reason: bold top-20 denial no supporting argument
If we don’t pull this off I am going to be depressed for literal weeks,Analytical Argument,Analytical Argument,ai_reason: argues SGA is unguardable but for wrong reasons
"He was 10th in points per game as a pick and roll ball handler, running it more frequently than guys like Shai, Luka, Maxey, Jamal Murray, Ant etc. at 1.06 points per possession which was better than guys like Dame, Trae, Tyrese, Maxey, Donovan Mitchell etc. Idk if I would say he ""doesn't run pick and roll"" lol.",Analytical Argument,Analytical Argument,ai_reason: analyzes JJ vs Bronny 1v1 with specific reasoning
"53/54 (98%) of the players with 6+ All-NBA/ABA seasons 60/67 (89%) of the players with 8+ All Star seasons 49/54 (91%) of the players with 120+ career WS 58/66 (88%) of the players with 0.65 career MVP vote shares 56/60 (93%) of the players with 2100 career playoff points 17/22 (77%) of the players with 7+ All-Defense seasons I try to weight all basketball played NBA, ABA, Olympics, College, etc. I try to weigh overall importance to the history of basketball, so if a player does something meaningful not on the hardwood (e.g. legendary broadcaster, breaking color barriers, etc.) that’s more impressive than an extra All-NBA selection imo * Winning solves all. Gotta do it in the playoffs to really move up the list",Analytical Argument,Analytical Argument,ai_reason: argues US media biased toward American players with evidence
"The best player on the best team in the league ""Best Team"" is usually the team that wins the finals * Awarded after the NBA Finals",Reaction/Joke/Meme,Reaction/Joke/Meme,ai_reason: humorous speculation about player personal life
Tonight was the first time I really respected Victor Wembanyama: when he elbowed Naz Reed in the jaw. I'm tired of this soft-ass smiling NBA bullshit where everybody's friends.,Reaction/Joke/Meme,Reaction/Joke/Meme,ai_reason: emotional shift from dislike to respect no argument
"Rockets finally competed this 2025 season. Surprising everybody. No one expected them to be #2 seed in the West before the season started. There was even a question about the fit between Sengun and Green. But in 2024-2025, Amen emerges to join the contest on who should be the Rockets Main Man.",Analytical Argument,Analytical Argument,ai_reason: argues Celtics are better team despite Luka being best player
"ok, hear me out. he is a great midrange shooter, decision maker, passer, leader and all that, but man Adam silver is really letting him do whatever he wants. first off, the fouled baiting. it’s unstoppable. You put any solid wing, guard to defend him and he will ram into them or flop to get them in early foul trouble and then deal with the secondary defender. all the flopping basically ensures that the primary defender can’t play any sort of physical defense on him, and the best they can hope for is to put up a solid contest and pray he misses. The second part is the off arm push-off he abuses every time he pulls up. I mean, obviously he will create separation if he is allowed to extend his arm all the way through the other player without any repercussions whatsoever. So is Sga ungaurdable-YES. But for all the wrong reasons.",Prediction,Prediction,ai_reason: predicts Pacers will win game 5
I remember I saw a clip of him talking about why he's never settled down and gotten married. He said he hasn't because his career is very demanding and that his job takes him all over the country so it'd be hard to be a husband and father. Basically it made me think this man has women all over the country which wouldn't surprise me.,Analytical Argument,Analytical Argument,ai_reason: analyzes coach legacy and future decision options
Bold Prediction: Luka plays horrible in the elimination game and has a below 45% FG percentage,Reaction/Joke/Meme,Reaction/Joke/Meme,ai_reason: humorous call to action against Scott Foster
"Coaches should wear suits. Hot take, but coaches should have to wear suits on the sidelines. I'm tired of the boring atheleisure. It just looks better.",Hot Take,Hot Take,ai_reason: coaches wearing suits preference no basketball claim
"Jokic, SGA, Luka, Giannis, Embiid , Tatum as awlays will be in MVP ladder talks. Taking turns and switching orders every month of Kia MVP Ladder.",Analytical Argument,Analytical Argument,ai_reason: argues Shai has most impressive FT season by volume and efficiency
"There were 3 other picks though. And 5 picks can get you a better player than the Knicks got, or several players.",Analytical Argument,Analytical Argument,ai_reason: argues 5 picks yield better value than what Knicks got
"If the Lakers have a million haters, George Karl is one of them. If the Lakers have a hundred haters, George Karl is one of them. If the Lakers have one hater, it is George Karl and if the Lakers have no haters on this earth then poor George Karl is dead.",Reaction/Joke/Meme,Reaction/Joke/Meme,ai_reason: humorous hyperbolic joke about Lakers hater
Probably going to lose after choking game 4 at home,Analytical Argument,Analytical Argument,ai_reason: argues player is underrated backup big with reasoning
I do think every round should have an award and every series just so role players can be recognized more on a overall minor but individually large effect.,Hot Take,Hot Take,"ai_reason: bold claim young does not mean promising, no reasoning"
OKC plays very much like a college team. I wanted to believe there was some trick or never before seen formula but its simply great defense and a lot of guys that can make baskets.,Hot Take,Hot Take,ai_reason: OKC college-team comparison no detailed evidence
"[LeBatard Show] “Once Tatum was injured, was the entire game plan to send Jaylen Brown to his left?” - Dan “That’s always the game plan.” - Caleb Martin",Analytical Argument,Analytical Argument,ai_reason: argues Denver not winning more with Jokic matters historically
With Tatum being injured next season. Bucks is also in a downhill situation with Dame being out.,Prediction,Prediction,ai_reason: predicts Poole future as dominant iso player over Monk
Who is gonna be new york knick next head coach,Prediction,Prediction,ai_reason: forecasts future First Team All-NBA selection
"I still think the defense between the two is just not very viable unless one of them has a big defensive leap this summer. The Luka and LeBron duo makes more sense if they have another big. Despite his age, his defense is still solid at the 4 sometimes 5. He also works better as a cutter off ball",Analytical Argument,Analytical Argument,ai_reason: analyzes championship dependency among duos historically
"On this day 17 years ago, 22 year old Lebron James had one of the greatest individual postseason performances in history, scoring 48 points (including 25 straight and 29 of the last 30) in a 109-107 double OT victory in Game 5 of the ECF against the Detroit Pistons.",Analytical Argument,Analytical Argument,ai_reason: argues Hali does run pick-and-roll with stats
"This is why it's so easy to dismiss the ""NBA sucks now lolz"" haters. We have literally never had more NBA level talent. Every team has multiple guys worth watching on a nightly basis, and parity has never been higher. People are tripping.",Analytical Argument,Analytical Argument,ai_reason: argues rooting based on dead mom is not normal behavior
"Mavs are the most threatening in the paint, actually. Luka and Kyrie are great at beating any defender at the perimeter, but if we did not have Lively or Gaff, Luka would have been forced to take mid-ranges on nearly every possession and that is a huge win for the other team. Our biggest weapon so far has been the lob threats, since we lack 3p shooting. That is what worries me the most. If Celtics get hot from 3, it will be nearly impossible for us to beat them.",Analytical Argument,Analytical Argument,ai_reason: argues trading KAT for future cap reasons is wrong approach
There was a play last game where Hali had Chet in the lane and he lowered his shoulder into him. Ended up being free throws for Hali. Maybe learning from Shai and Drew? lol,Analytical Argument,Analytical Argument,ai_reason: argues Milwaukee drafts projects as trade bait with reasoning
Jokic is every dad’s favorite player because it makes them feel like they could still be good at basketball if they really wanted to.,Analytical Argument,Analytical Argument,ai_reason: argues trading established star for aging one is bad value
Russ by a mile but I bet it's an unpopular opinion on reddit. Who had a better career: Russ or Kyrie? Convince me I'm wrong.,Hot Take,Hot Take,ai_reason: Russ over Kyrie bold career claim no evidence
Nick Nurse talks about his first two games during his 2019 Championship run.,Hot Take,Hot Take,REVIEW: borderline — relabeled: no future signal found
The NBA is so out of its depth it’s ridiculous. The is the equivalent of the NFL talking about an Aaron Rodgers trade during Super Bowl week. Would they ever let that happen? No.,Analytical Argument,Analytical Argument,ai_reason: argues Nembhard specifically clears guys illegally with evidence
"Two players come to mind here. One is a pretty obvious one, Malik Monk and another, Jordan Poole. both have had some low points. I will give it to Poole, as I have more faith in him becoming a dominant iso and pick n roll guy in the future whereas I think that Monk is going to be more reliant on his catch and shoot ability throughout his career. I also for some reason have more faith in Poole dating two women at once. Isaiah Quickley also comes to mind",Analytical Argument,Analytical Argument,ai_reason: explains Draymond's likely annoyance at crowd chants
"You have a stacked team, no doubt about it. However, after seeing you lose to old man Jimmy, Bam and a bunch of second round picks I will never write us off.",Analytical Argument,Analytical Argument,ai_reason: reports Rockets 2025 exceeded expectations with supporting detail
I was going through my camera roll and just saw a picture from when I met Dominique Wilkins while we were both taking a piss in a bathroom. (Pic was taken after lol),Analytical Argument,Analytical Argument,ai_reason: argues Luka LeBron duo needs a big with reasoning
I got faith that the pacers gonna win in 6 because even tho we choke in game 4 we have the chance to take game 5 and go to home court with a 3-2 lead,Analytical Argument,Analytical Argument,ai_reason: argues NBA media dysfunction affects product quality
SGA is the best player in the world. Prove me wrong.,Hot Take,Hot Take,ai_reason: bold best player claim no evidence
"I THINK NBA HISTORY IS RUINED. i personally believe that nba refs and adam silver ruined basketball history. you all dont understand how damaging this is, no statline has any value now.",Reaction/Joke/Meme,Reaction/Joke/Meme,ai_reason: emotional outrage about refs no argument
"Why doesn't he have a right to upset? If you're planning something that could potentially be even more legendary and you lose a key piece, it's certainly disappointing. He admits that in the video. Pat talks all about this in the video. Feelings are valid and life happens.",Reaction/Joke/Meme,Reaction/Joke/Meme,ai_reason: personal anecdote about meeting Dominique Wilkins
"1. Giannis 2. SGA 3. Jokic 4. Tatum 5. Victor Wembanyama (For the record, I do not think the Spurs will even reach .500 next season. But he’s an exciting player and the media is hungry to put him in conversations like this. So if the Spurs can start hot by going like 9-3, the media will pounce on the opportunity to include him before the Spurs settle in the rankings.)",Hot Take,Hot Take,"ai_reason: tells player to shave head, opinion with no reasoning"
Jalen Brunson wins a title before Luka Doncic. Let that sink in. Nothing against Doncic but all the talk about the Mavericks letting him walk is now worse in my opinion than trading Luka away. NY LETS GO!!!!,Reaction/Joke/Meme,Reaction/Joke/Meme,ai_reason: emotional celebratory reaction with future jab
Its really that simple. If Denver doesn't win another with jokic this will be talked about 40 years from now.,Analytical Argument,Analytical Argument,ai_reason: argues Haliburton advanced stats show high value
"Click my link ref.zuckerbees.com/EddieB and earn money just by being on your phone. Sign up today, and you get $100 just because. Tell a friend to tell a friend",Analytical Argument,Analytical Argument,ai_reason: argues Haliburton value beyond box score with advanced stats
"Knicks fans in Cleveland start chanting 'Lets go Knicks', as some Cavaliers fans seem to enjoy the scene.",Reaction/Joke/Meme,Reaction/Joke/Meme,ai_reason: observational humor about fan chants no claim
"He quickly notices me staring at him and says with a smile “whats up big man?”. At this point I’m acting like a total dumbass. “Are you Dominique Wilkins? Can I get a picture with you?” He bursts out belly laughing and says “when I’m done using the bathroom!”. I remember going to the sink and taking forever to wash my hands, just hoping I could have some small talk. He comes up telling me to where to meet him outside to get our picture and says something like “I’m going to the lounge to get a drink/food. You want me to grab you a snack?” I can’t remember what I said. He eventually met me outside the tunnel and my mom took our pic together. He told her how this gave him a good laugh for the day. Then he went off to announce the game a few minutes later. Unfortunately this sub won’t let me post the pic.",Reaction/Joke/Meme,Reaction/Joke/Meme,ai_reason: humorous challenge to hot take confidence
"Has the NBA ""Gone International?"" Here's the Data from the Finals",Reaction/Joke/Meme,Reaction/Joke/Meme,ai_reason: humorous joke about Jokic and dads
"De'Aaron Fox throws away Game 5 with another disastrous performance: 7 PTS on 3/15 FG, 1/8 from three. He has been absolutely disgusting the entire game. He keeps taking hero balls and ignores the red hot Dylan Harper for three straight possessions.",Reaction/Joke/Meme,Reaction/Joke/Meme,ai_reason: emotional reaction to Fox poor performance
I TOLD YALL THE EASTERN CONFERENCE IS ASS. LETS GO SPURS.,Reaction/Joke/Meme,Reaction/Joke/Meme,ai_reason: all-caps emotional declaration no argument
"Larry Bird was Michael Jordan before Michael Jordan. Honestly I kind of understand the comparison, but can anyone who actually watched him confirm that hot take?",Hot Take,Hot Take,ai_reason: Bird was Jordan before Jordan bold claim
The timbre of this forum has shifted since the Knicks took it all and I'm all here for it. A couple weeks ago it was all but over with ref-ball and flopping dominating discussion. The Knicks come around and show that 8 guys who love the game can overpower all of the modern bullshit.,Reaction/Joke/Meme,Reaction/Joke/Meme,ai_reason: celebratory forum tone observation no claim
|ATLANTIC|SOUTHEAST|CENTRAL| |:-|:-|:-| |Boston Celtics|Atlanta Hawks|Chicago Bulls| |Brooklyn Nets|Charlotte Hornets|Cleveland Cavaliers| |New York Knicks|Memphis Blues|Detroit Pistons| |Philadelphia 76ers|Miami Heat|Indiana Pacers| |Toronto Raptors|New Orleans Pelicans|Milwaukee Bucks| |Washington Wizards|Orlando Magic|Minnesota Timberwolves|,Analytical Argument,Analytical Argument,ai_reason: argues Ish Smith career value with supporting reasoning
Do we expect MVP Candidate Level Players to be better next season: Stats Wise and Eye Test Wise?,Analytical Argument,Analytical Argument,ai_reason: analyzes Clippers roster decisions and future flexibility
"""Playoff MVP"" instead of Finals MVP (and Conf Finals MVP)",Analytical Argument,Analytical Argument,ai_reason: criticizes Ham coaching decisions with specific examples
"Mike Brown is an All-Time Great Coach. Ended the Knicks 53-year championship drought in his FIRST season, while going 16-3 in the Playoffs and the greatest point differential of all-time.",Hot Take,Hot Take,ai_reason: all-time great coach claim minimal structured evidence
"3.Sixers - Winning the Paul George Sweepstakes is huge. Now, they have a Big 3 in Embiid, PG, and Maxey. They are great players but Joel and Paul both have bad reputation in terms of Playoffs Performance. So, maybe Maxey will be that guy in the playoffs.",Analytical Argument,Analytical Argument,ai_reason: argues Pacers distracted play cost them game with evidence
1.Michael Jordan 2. Kareem Abdul-Jabar 3. Lebron James 4. Hakeem Olajuwan 5. Larry Bird 6. Steph Curry 7. Nikola Jokic 8. Kevin Durant 9. Kobe Bryant 10. Wilt Chamberlain,Analytical Argument,Analytical Argument,ai_reason: argues LeBron efficiency vs Melo mediocrity with stats
So who is the next Nicolas Batum? Who's a guy who will be overpaid but then after he gets off that contract becomes a great utility player on every roster who does all the little things right? who will develop into a very good defender in his 20s and when his athletic gifts started to fade was able to reinvent himself as a defensive role player?,Reaction/Joke/Meme,Reaction/Joke/Meme,ai_reason: expresses admiration for LeBron competitive response
"Yes technically, there is no smoking gun evidence he rigged any games. But why, my man, are you fighting this fight?",Reaction/Joke/Meme,Reaction/Joke/Meme,ai_reason: personal anecdote about meeting Dominique Wilkins
How about a guy like Deni Avdija? Portland fans may be offended by the comparison because Deni seems like he is going to have a deeper scoring bag and have a longer career as a top 3 guy but I can definitely see him getting there. I can also see him getting overpaid by the Hornets.,Analytical Argument,Analytical Argument,ai_reason: argues longer series favors OKC as better team
"Knicks are playing dirty but it gets no attention. Between Mitchell, Hart and Jose I'm perfectly fine with calling Wemby out but come on. Jose literally two hand wrapped the man's leg.",Hot Take,Hot Take,ai_reason: dirty play claim asserted no structured argument
Last year I made a post. With another season in the books and a week before the finals start I thought we could take a look to see how things have progressed:,Hot Take,Hot Take,REVIEW: borderline — relabeled: no future signal found
"RIP Kobe Bryant. I find it kinda crazy how even if you didnt really know him or you're not a very big fan of basketball, you still remember every second of that day. cant believe it's already been 6 years.",Reaction/Joke/Meme,Reaction/Joke/Meme,ai_reason: RIP tribute emotional no basketball argument
"Bilal had a growth spurt, think it was 2.5 inches",Reaction/Joke/Meme,Reaction/Joke/Meme,ai_reason: sarcastic comment about narrative perpetuation
"LeBron & D-Wade (Wade won in 2006 without LeBron, and LeBron won in 2016 & 2020 without Wade) Shaq & Kobe (Shaq won in 2006 without Kobe, and Kobe won in 2009 & 2010 without Shaq)",Analytical Argument,Analytical Argument,ai_reason: analyzes Jimmy and AD hypothetical with reasoning
Wemby is a better center than Kareem and Shaq. Prove me wrong.,Hot Take,Hot Take,ai_reason: bold Wemby better than Kareem and Shaq assertion
"His greed will be his downfall. If only he'd take less he may have a chance for a title. No way in Miami... tough to do at any West team... smartest move would be East to play with Cavs, Knicks, or believe Embiid comes back healthy and go to Philly.",Prediction,Prediction,ai_reason: predicts KD trade market options and future team fit
"Bam Adebayo has never made an All-NBA team. This surprised me, considering how long he has been in the NBA. Is he overrated?",Hot Take,Hot Take,ai_reason: Bam never All-NBA posed as surprising observation
"Many yesterday were saying Luka has the potential to be one of the greatest. He is already 5x All NBA 1st team, scoring champion, and potentially FMVP + Champion this year. What will it take to dethrone and take over passing Kobe, Shaq, Duncan, and Steph?",Analytical Argument,Analytical Argument,ai_reason: argues broadly interviewing coaches is normal procedure
"Reddit is an echo chamber and doesn't represent everyone, especially casuals. They eat this shit up. Shit, we eat this shit up too. Almost 1300 comments on this and every single Draymond TNT post does numbers.",Analytical Argument,Analytical Argument,ai_reason: argues OKC deliberately limited Chet and JWill together
5th in OBPM (5.7) - OBPM (Offensive Box Plus/Minus) uses the same methodology as BPM but isolates their offensive play only.,Hot Take,Hot Take,ai_reason: brief insults of Luka with no analytical argument
"Microwave off the bench scorer. Genuinely one of my favorite players ever. I find his offensive game gorgeous to watch. I think in retrospect it's sad that Lou only seems to come up when people want to take away from his place as one of the best 6th men ever because Manu deserved more awards and while that's true, I think Lou definitely earned his place, is responsible for the biggest comeback in playoff history against the Kevin Durant warriors, and was even able to start in playoff games late in his career. Oh and he has/had 2 girlfriends.",Reaction/Joke/Meme,Reaction/Joke/Meme,ai_reason: mocking Shaq repetitive analysis style humorously
The complaints of OKC and their flops and type of play will encourage more of it. It creates sooooo much engagement. Just FYI. Maybe a hot take. We should vote with our wallet.,Reaction/Joke/Meme,Reaction/Joke/Meme,ai_reason: meta commentary about OKC engagement no basketball claim
Fox ends up with 3/15 FG and 1/8 from three and I cannot believe the Spurs blew another lead. This is embarrassing.,Reaction/Joke/Meme,Reaction/Joke/Meme,ai_reason: emotional frustration at Spurs blowing lead
"Why are so many people trying to force a Wemby hate agenda, calling him a dirty player? He's likable and doesn't embellish, questioning if hate stems from jealousy over his draft position.",Hot Take,Hot Take,ai_reason: questions hate agenda no supporting claim
"Some will say it ended in 2023 when they lost to the Lakers in the 2nd round, or when the punch happened, or in 2021 when they didn't package their 2 draft picks for a star player. But in my opinion the dynasty ended in 2020. In 2020, the Warriors had the worst record in the league, and because of that, they had the 2nd pick in the draft, and they ended up drafting James Wiseman who contributed literally nothing to them, it would've been better if they took Halliburton or Lamelo, if they took one of those two, while the dynasty would still eventually end because of Steph, Draymond and Klay getting old, I do think the Warriors would win in either 2023 or 2024, along with them still winning in 2022.",Prediction,Prediction,ai_reason: predicts offensive unlocking with right center addition
“Theyre two of the greatest players and teammates … It’s bullshit. I love both of them and they deserve better.,Analytical Argument,Analytical Argument,"ai_reason: argues Trent paycut unlikely, outlines trade structure needed"
Billy Donovan benched him late in a Magic game like 2 years ago and he’s been sore ever since. He was awful and missing everything. Then he complained that you don’t bench max players and they never really made amends.,Analytical Argument,Analytical Argument,ai_reason: argues NBA talent depth at all-time high with reasoning
I'm so sick of this dude when it comes to free throws because some dudes like lebron get smacked in the arm and the refs say nothing but SGA you get a clean block and its a foul. You touch him barely its a foul.,Reaction/Joke/Meme,Reaction/Joke/Meme,ai_reason: emotional frustration about foul calls no argument
\-Sidney Moncrief \-Dikembe Mutombo \-Robert Horry \-Alonzo Mourning \-Paul George \-Jaylen Brown \-Lillard \-Billups \-Tim Hardaway \-Paul Arizin \-Chris Webber \-Bill Sharman \-Dave DeBusschere \-Nate Thurmond \-Pete Maravich \-Jo Jo White * \-Bernard King,Analytical Argument,Analytical Argument,ai_reason: lists pros and cons of roster configuration
"SGA and Luka are more talented than Nash, CP3, and Kidd.",Hot Take,Hot Take,ai_reason: SGA and Luka more talented than Nash CP3 Kidd
"He’d be a watered down Draymond if he could protect the rim to a high level, even with his lack of a jumper or Drays IQ. He pushed the pace in transition well and while not as good a passer as Draymond, he was decent.",Analytical Argument,Analytical Argument,ai_reason: argues Simmons defense offset by Mavs fouling strategy
Why do some people say college basketball is more fun than watching NBA? I've watched some of these tourney games and my god it's bad on the eye. Watching this Kansas game is straight up burning my eyes.,Reaction/Joke/Meme,Reaction/Joke/Meme,ai_reason: sarcastic complaint college basketball looks bad
8.Heat - Just because of Spo and Butler. But not be surprised if they do not make playoffs. And a team like maybe Raptors? replace them at their spot in playoffs.,Analytical Argument,Analytical Argument,ai_reason: argues star comparisons do disservice to players individuality
I fixed Tanking with a Tiered Draft Lottery System. Nba tanking is systematically being done and its disgusting. Its like South Park baseball episode when they walk all batters on both teams trying to lose.,Hot Take,Hot Take,ai_reason: tanking proposal with analogy no real evidence
"MJ & Scottie never won titles without each other. Kareem won a title without Magic, but Magic never won without Kareem. Steph won a title before AND after he teamed with KD, but KD hasn't won a title without Steph.",Hot Take,Hot Take,"ai_reason: bold claim Luka will stay Maverick forever, no reasoning"
If Denver re signed KCP they'd have won title and had more flexibility this summer asset wise,Reaction/Joke/Meme,Reaction/Joke/Meme,"ai_reason: expresses disgust at foul baiting, emotional reaction"
"I definitely look at play style. I like the Allen Iverson mold. So for me, Kyrie Irving. And it sucks because the person Kyrie Irving frustrates me. But if he is playing, I am watching.",Analytical Argument,Analytical Argument,ai_reason: argues competitive spirit remains despite losses to Heat
"With Tatum out, it will be interesting to guess who will be in the 5th spot. The first 4 is very easy.",Analytical Argument,Analytical Argument,ai_reason: argues PG versatility not worth tradeoff with evidence
I want to find a place to watch the rests of nba Finals with friends in whatever a beergarden or other places which has transmission of the games. Do anyone has any idea?,Reaction/Joke/Meme,Reaction/Joke/Meme,ai_reason: expresses exasperation at condescending basketball argument
"In 5 years, the Luka trade will lean towards favoring the Mavs.",Prediction,Prediction,ai_reason: future Luka trade evaluation in 5 years
"Every time I watch him play, his play style really reminds me of Lebron's first stint with the Cavs when he was really heliocentric offensive player before he played for Miami. His playstyle of how he distributed the ball and how he makes plays for all of his teammates and also looking to score.",Analytical Argument,Analytical Argument,ai_reason: explains player history with coach leading to poor relationship
"Every Shaq Game Analysis Goes Like “the team’s stars, stars must show up, stars, stars, back when I was playing…stars…your number one and your 2nd guy…stars, not doing enough…stars”",Analytical Argument,Analytical Argument,ai_reason: argues definition of superstar requires championship viability
Pat Riley's annual drive to win a championship after Lebron left has got to be the best B-plot in the NBA. Gotta appreciate his devotion to wanting his team to see the promise land.,Reaction/Joke/Meme,Reaction/Joke/Meme,ai_reason: expresses appreciation and amusement at Riley storyline
"Lakers fans gotta realize that just because a player is young, doesnt make them a ""promising young player"". See: Talen Horton Tucker.",Analytical Argument,Analytical Argument,ai_reason: explains why NBA narrative focuses on star players
"so to be clear, the guy i originally replied to who said they're rooting for the mavs because of lively's dead mom is not a normal person, right? because they're choosing their rooting interest based on, well, NOT the sport",Analytical Argument,Analytical Argument,ai_reason: argues claims need data support about shot charts
I think it goes without saying that he absolutely maximized the teams and talents he had and coached the team to 4 titles. Does he want to take on the next challenge of rebuilding back to greatness once those legends are all gone? Does he get poached by another team to take over an established team? Does he take a break to enjoy his success and be with family?,Analytical Argument,Analytical Argument,ai_reason: compares player to LeBron prime style with specific reasoning
Kings drafted Marvin Bagley because he supposedly was going to be a better fit alongside DeAaron Fox.,Analytical Argument,Analytical Argument,ai_reason: argues shooting improvement needed before spacing is real
The Mavs have the best player. That's the only thing they have. The Celtics have everything else from top to bottom. Are there any weaknesses for the Celtics?,Reaction/Joke/Meme,Reaction/Joke/Meme,"ai_reason: emotional reaction, expresses feeling only"
"This performance brings his career VORP to -5.5, well on its way to what has been identified as current career worst -8.3 belonging to Michael Olowokandi. Lower than his career average in Memphis, he has accelerated his accumulation of negative VORP and now needs just over three seasons at this year's pace to become the all time VORP repellant. Does he make it?",Reaction/Joke/Meme,Reaction/Joke/Meme,"ai_reason: celebrates LeBron historic game, emotional reaction"
"If Wemby wins this championship, we won't become the GOAT. The issue with him winning the championship right now is that it robs us of the chance to ever truly evaluate him.",Hot Take,Hot Take,ai_reason: future championship robs legacy evaluation claim
Lol Lebron’s numbers in 3 of the 5 games were largely put up after the Heat were getting blown out. Did you even bother to watch the 2014 finals? Lebron was not “clearly the best player” whatsoever after game 2 and his own team literally thought he quit,Hot Take,Hot Take,ai_reason: calls LeBron narcissist using son with no evidence
"No, I get it. Not a hard thing to grasp. It's just fundamentally stupid. Not every NBA player wants to be a socialite.",Hot Take,Hot Take,ai_reason: dismissive two-word comment with no argument
The NBA Cup will catch on and become a big deal.,Prediction,Prediction,ai_reason: NBA Cup future popularity prediction
"Hi, I’m from Kurdistan 🇹🇯 and I’d love to make friends from Latvia or Russia for culture and language exchange!",Analytical Argument,Analytical Argument,ai_reason: analyzes hypothetical Warriors roster with LeBron or Shaq
"Knicks need to just restart their entire franchise. After 3 games of consecutive 20 point leads chokes, how are you this bad? Julius Randle is a certified fraud and a 1 season wonder.",Hot Take,Hot Take,ai_reason: franchise restart demand with fraud label
Do you think Voters are reluctant to give Joker a 4th MVP without winning another ring and FMVP?,Analytical Argument,Analytical Argument,ai_reason: argues Perkins logic is flawed with comparison
You have seemed very confident in your hot takes throughout this thread. Are you “drink my own piss if I’m wrong” confident?,Analytical Argument,Analytical Argument,ai_reason: argues LeBron choices tainted Bronny career path
"The 2016 playoffs never looked normal to me, especially the 2016 wcf and the finals. The Warriors coming back from 3-1 against OKC and then immediately losing a 3-1 lead in the finals created a storyline that was almost too perfect for the league narrative.",Hot Take,Hot Take,ai_reason: 2016 playoffs rigged conspiracy no evidence
"The 2016 NBA draft is surprisingly one of the deepest draft classes in hindsight. Ben Simmons, Brandon Ingram, Jaylen Brown, Domantas Sabonis, Pascal Siakam, and Dejounte Murray are the all-star/all-NBA players from the class. The class also includes Buddy Hield, Jakob Poetl, Jamal Murray, Caris LeVert, and Malcolm Brogdon.",Analytical Argument,Analytical Argument,ai_reason: argues KAT is who he is based on playoff track record
40-year-old LeBron has already had a more impressive career than MJ even if you still have Jordan as GOAT.,Hot Take,Hot Take,ai_reason: LeBron career greater than MJ bold assertion
"These games have been too close, they have a deep bench and a great coach. We’re in coin flip territory of who will win this series",Reaction/Joke/Meme,Reaction/Joke/Meme,"ai_reason: expresses personal fandom preference, feeling-based"
"I think there's a valid argument that ""compared to a replacement level in his position, Jokic is a bigger upgrade than any player ever"". Guards are expected to be strong, skilled offensive players; centers are not. So while I think it's too soon to crown him the offensive GOAT (even if it's become clear he has a valid argument), I think, if you account for ""standard positional strength"", he might well bring more offensive firepower over a replacement player than anyone ever",Reaction/Joke/Meme,Reaction/Joke/Meme,"ai_reason: expresses personal viewing preference, feeling-based"
He gotta shave it all off and embrace it,Reaction/Joke/Meme,Reaction/Joke/Meme,ai_reason: humorous hypothetical trade joke
"tldr: I don't think I saw one Wolves fan say Ant is better than Luka. He wasn't ""forgotten"", I just think media are lazy and freak out about the ""next new shiny thing."" Luka has been around for awhile now. Wemby will be the next (even despite being French). So much of this started with ESPN personalities and their talking head shows. That place sucks.",Analytical Argument,Analytical Argument,ai_reason: analyzes who will be next Nicolas Batum utility player
"I often see offensive scoring and defence as the two primary values talked about behind a players career greatness when talking GOAT’s, should playmaking sit just as high in regard to these two stats?",Hot Take,Hot Take,ai_reason: suggests restructuring playoff award format without argument
"I know this is a hot, hot take, but this might have been the best NBA season of Victor's career. Unanimous DPOY, all-star, third in MVP voting, and made it to the Finals. But Wemby just might not get there. It happened to Yao.",Hot Take,Hot Take,ai_reason: bold Wemby career-peak claim with Yao caveat
"13th in EPM (4.1) - EPM (Estimated Plus/Minus) is an all-in-one stat that ESTIMATES how impactful a player currently is on the game, by how many points they are expected to contribute per 100 possessions. It accounts for offense and defense, and adjusts based on teammate and opponent strength, as well as other important variables.",Analytical Argument,Analytical Argument,ai_reason: questions Wolves ability to afford keeping team together
